buy_date,code,name,Market,buy_price,alloc,sell_date,sell_close,ret_180d,peak_180d,rank,combo,set,YYYYMM
2024-01-03,099320,쎄트렉아이,KOSDAQ,36100.0,1000000.0,2024-09-27,36200.0,0.27700831024930483,62.04986149584488,1,F10_KOSDAQ만__S01_거래대금낮,OOS_weekly_2,2024-01
2024-01-03,099320,쎄트렉아이,KOSDAQ,36100.0,1000000.0,2024-09-27,36200.0,0.27700831024930483,62.04986149584488,1,F10_KOSDAQ만__S01_거래대금낮,OOS_weekly_2,2024-01
2024-01-11,950160,코오롱티슈진,KOSDAQ,11690.0,1000000.0,2024-10-10,15190.0,29.940119760479035,86.4841745081266,1,F10_KOSDAQ만__S01_거래대금낮,OOS_weekly_2,2024-01
2024-01-08,019210,와이지-원,KOSDAQ,6010.0,1000000.0,2024-10-04,5330.0,-11.314475873544094,12.312811980033267,1,F10_KOSDAQ만__S01_거래대금낮,OOS_weekly_2,2024-01
2024-01-19,090710,휴림로봇,KOSDAQ,4000.0,1000000.0,2024-10-18,1341.0,-66.475,2.4250000000000105,1,F10_KOSDAQ만__S01_거래대금낮,OOS_weekly_2,2024-01
2024-01-19,090710,휴림로봇,KOSDAQ,4000.0,1000000.0,2024-10-18,1341.0,-66.475,2.4250000000000105,1,F10_KOSDAQ만__S01_거래대금낮,OOS_weekly_2,2024-01
2024-01-24,126340,비나텍,KOSDAQ,47305.0,1000000.0,2024-10-23,34690.0,-26.667371313814602,20.982982771377223,1,F10_KOSDAQ만__S01_거래대금낮,OOS_weekly_2,2024-01
2024-01-24,126340,비나텍,KOSDAQ,47305.0,1000000.0,2024-10-23,34690.0,-26.667371313814602,20.982982771377223,1,F10_KOSDAQ만__S01_거래대금낮,OOS_weekly_2,2024-01
2024-02-08,033160,엠케이전자,KOSDAQ,12940.0,1000000.0,2024-11-07,7750.0,-40.108191653786704,15.919629057187024,1,F10_KOSDAQ만__S01_거래대금낮,OOS_weekly_2,2024-02
2024-02-06,083450,GST,KOSDAQ,17239.0,1000000.0,2024-11-05,15640.0,-9.275480016242243,78.78647253320959,1,F10_KOSDAQ만__S01_거래대금낮,OOS_weekly_2,2024-02
2024-10-04,124500,아이티센글로벌,KOSDAQ,7290.0,1000000.0,2025-07-03,24250.0,232.6474622770919,352.6748971193416,1,F10_KOSDAQ만__S01_거래대금낮,OOS_weekly_2,2024-10
2024-10-10,174900,앱클론,KOSDAQ,16290.0,1000000.0,2025-07-08,11100.0,-31.86003683241252,11.111111111111116,1,F10_KOSDAQ만__S01_거래대금낮,OOS_weekly_2,2024-10
2024-10-07,319400,현대무벡스,KOSDAQ,2975.0,1000000.0,2025-07-04,4940.0,66.05042016806723,91.26050420168067,1,F10_KOSDAQ만__S01_거래대금낮,OOS_weekly_2,2024-10
2024-10-14,347700,스피어,KOSDAQ,3975.0,1000000.0,2025-07-10,10200.0,156.60377358490564,187.79874213836476,1,F10_KOSDAQ만__S01_거래대금낮,OOS_weekly_2,2024-10
2024-10-31,214430,아이쓰리시스템,KOSDAQ,38500.0,1000000.0,2025-07-29,117100.0,204.15584415584416,223.63636363636363,1,F10_KOSDAQ만__S01_거래대금낮,OOS_weekly_2,2024-10
2024-10-28,214430,아이쓰리시스템,KOSDAQ,37300.0,1000000.0,2025-07-24,115200.0,208.84718498659515,234.04825737265415,1,F10_KOSDAQ만__S01_거래대금낮,OOS_weekly_2,2024-10
2024-11-13,253450,스튜디오드래곤,KOSDAQ,42450.0,1000000.0,2025-08-11,48300.0,13.780918727915203,34.275618374558306,1,F10_KOSDAQ만__S01_거래대금낮,OOS_weekly_2,2024-11
2025-07-03,036810,에프에스티,KOSDAQ,21023.0,1000000.0,2026-03-31,36500.0,73.6193692622366,142.59144746230322,1,F10_KOSDAQ만__S01_거래대금낮,OOS_weekly_2,2025-07
2025-07-03,036810,에프에스티,KOSDAQ,21023.0,1000000.0,2026-03-31,36500.0,73.6193692622366,142.59144746230322,1,F10_KOSDAQ만__S01_거래대금낮,OOS_weekly_2,2025-07
2025-07-08,010170,대한광통신,KOSDAQ,1009.0,1000000.0,2026-04-03,12740.0,1162.6362735381565,1198.3151635282456,1,F10_KOSDAQ만__S01_거래대금낮,OOS_weekly_2,2025-07
2025-07-08,010170,대한광통신,KOSDAQ,1009.0,1000000.0,2026-04-03,12740.0,1162.6362735381565,1198.3151635282456,1,F10_KOSDAQ만__S01_거래대금낮,OOS_weekly_2,2025-07
2025-07-14,214370,케어젠,KOSDAQ,43000.0,1000000.0,2026-04-09,84300.0,96.04651162790698,257.6744186046512,1,F10_KOSDAQ만__S01_거래대금낮,OOS_weekly_2,2025-07
2025-07-17,232140,와이씨,KOSDAQ,11690.0,1000000.0,2026-04-14,19580.0,67.49358426005132,103.1650983746792,1,F10_KOSDAQ만__S01_거래대금낮,OOS_weekly_2,2025-07
2025-07-23,089890,코세스,KOSDAQ,9500.0,1000000.0,2026-04-20,34900.0,267.36842105263156,284.2105263157895,1,F10_KOSDAQ만__S01_거래대금낮,OOS_weekly_2,2025-07
2025-07-23,089890,코세스,KOSDAQ,9500.0,1000000.0,2026-04-20,34900.0,267.36842105263156,284.2105263157895,1,F10_KOSDAQ만__S01_거래대금낮,OOS_weekly_2,2025-07
2025-07-28,074600,원익QnC,KOSDAQ,19500.0,1000000.0,2026-04-23,36650.0,87.94871794871794,94.61538461538461,1,F10_KOSDAQ만__S01_거래대금낮,OOS_weekly_2,2025-07
2025-07-28,074600,원익QnC,KOSDAQ,19500.0,1000000.0,2026-04-23,36650.0,87.94871794871794,94.61538461538461,1,F10_KOSDAQ만__S01_거래대금낮,OOS_weekly_2,2025-07
2025-08-04,089890,코세스,KOSDAQ,11140.0,1000000.0,2026-04-30,47400.0,325.4937163375224,346.14003590664277,1,F10_KOSDAQ만__S01_거래대금낮,OOS_weekly_2,2025-08
2025-08-08,240810,원익IPS,KOSDAQ,35850.0,1000000.0,2026-05-08,132900.0,270.7112970711297,298.88423988842396,1,F10_KOSDAQ만__S01_거래대금낮,OOS_weekly_2,2025-08
2025-08-13,064760,티씨케이,KOSDAQ,115200.0,1000000.0,2026-05-13,335000.0,190.79861111111111,194.27083333333334,1,F10_KOSDAQ만__S01_거래대금낮,OOS_weekly_2,2025-08
2025-08-12,023160,태광,KOSDAQ,25000.0,1000000.0,2026-05-12,37350.0,49.4,105.2,1,F10_KOSDAQ만__S01_거래대금낮,OOS_weekly_2,2025-08
2025-08-22,213420,덕산네오룩스,KOSDAQ,41250.0,1000000.0,2026-05-21,44450.0,7.757575757575763,38.909090909090914,1,F10_KOSDAQ만__S01_거래대금낮,OOS_weekly_2,2025-08
2025-08-18,126340,비나텍,KOSDAQ,35903.0,1000000.0,2026-05-15,155100.0,331.9973261287358,469.59028493440655,1,F10_KOSDAQ만__S01_거래대금낮,OOS_weekly_2,2025-08
2024-01-05,010060,OCI홀딩스,KOSPI,105400.0,1000000.0,2024-10-02,69200.0,-34.34535104364327,10.436432637571148,2,F03_slope_10__S01_거래대금낮,OOS_weekly_2,2024-01
2024-01-03,099320,쎄트렉아이,KOSDAQ,36100.0,1000000.0,2024-09-27,36200.0,0.27700831024930483,62.04986149584488,2,F03_slope_10__S01_거래대금낮,OOS_weekly_2,2024-01
2024-01-11,950160,코오롱티슈진,KOSDAQ,11690.0,1000000.0,2024-10-10,15190.0,29.940119760479035,86.4841745081266,2,F03_slope_10__S01_거래대금낮,OOS_weekly_2,2024-01
2024-01-10,010060,OCI홀딩스,KOSPI,113700.0,1000000.0,2024-10-08,68500.0,-39.753737906772216,2.37467018469657,2,F03_slope_10__S01_거래대금낮,OOS_weekly_2,2024-01
2024-01-15,020560,아시아나항공,KOSPI,12090.0,1000000.0,2024-10-14,9560.0,-20.926385442514473,20.84367245657568,2,F03_slope_10__S01_거래대금낮,OOS_weekly_2,2024-01
2024-01-19,090710,휴림로봇,KOSDAQ,4000.0,1000000.0,2024-10-18,1341.0,-66.475,2.4250000000000105,2,F03_slope_10__S01_거래대금낮,OOS_weekly_2,2024-01
2024-01-25,073240,금호타이어,KOSPI,5900.0,1000000.0,2024-10-24,4200.0,-28.8135593220339,41.694915254237294,2,F03_slope_10__S01_거래대금낮,OOS_weekly_2,2024-01
2024-01-25,073240,금호타이어,KOSPI,5900.0,1000000.0,2024-10-24,4200.0,-28.8135593220339,41.694915254237294,2,F03_slope_10__S01_거래대금낮,OOS_weekly_2,2024-01
2024-01-31,003090,대웅,KOSPI,23200.0,1000000.0,2024-10-30,24800.0,6.896551724137923,21.12068965517242,2,F03_slope_10__S01_거래대금낮,OOS_weekly_2,2024-01
2024-01-31,003090,대웅,KOSPI,23200.0,1000000.0,2024-10-30,24800.0,6.896551724137923,21.12068965517242,2,F03_slope_10__S01_거래대금낮,OOS_weekly_2,2024-01
2024-10-04,124500,아이티센글로벌,KOSDAQ,7290.0,1000000.0,2025-07-03,24250.0,232.6474622770919,352.6748971193416,2,F03_slope_10__S01_거래대금낮,OOS_weekly_2,2024-10
2024-10-08,226950,올릭스,KOSDAQ,21600.0,1000000.0,2025-07-07,38850.0,79.86111111111111,196.29629629629628,2,F03_slope_10__S01_거래대금낮,OOS_weekly_2,2024-10
2024-10-14,347700,스피어,KOSDAQ,3975.0,1000000.0,2025-07-10,10200.0,156.60377358490564,187.79874213836476,2,F03_slope_10__S01_거래대금낮,OOS_weekly_2,2024-10
2024-10-15,140860,파크시스템스,KOSDAQ,202500.0,1000000.0,2025-07-11,300500.0,48.39506172839507,52.8395061728395,2,F03_slope_10__S01_거래대금낮,OOS_weekly_2,2024-10
2024-10-31,214430,아이쓰리시스템,KOSDAQ,38500.0,1000000.0,2025-07-29,117100.0,204.15584415584416,223.63636363636363,2,F03_slope_10__S01_거래대금낮,OOS_weekly_2,2024-10
2024-10-28,214430,아이쓰리시스템,KOSDAQ,37300.0,1000000.0,2025-07-24,115200.0,208.84718498659515,234.04825737265415,2,F03_slope_10__S01_거래대금낮,OOS_weekly_2,2024-10
2024-11-08,218410,RFHIC,KOSDAQ,14000.0,1000000.0,2025-08-06,27850.0,98.92857142857143,114.28571428571428,2,F03_slope_10__S01_거래대금낮,OOS_weekly_2,2024-11
2024-11-05,253450,스튜디오드래곤,KOSDAQ,43800.0,1000000.0,2025-08-01,44800.0,2.2831050228310446,30.136986301369873,2,F03_slope_10__S01_거래대금낮,OOS_weekly_2,2024-11
2025-07-08,010170,대한광통신,KOSDAQ,1009.0,1000000.0,2026-04-03,12740.0,1162.6362735381565,1198.3151635282456,2,F03_slope_10__S01_거래대금낮,OOS_weekly_2,2025-07
2025-07-08,010170,대한광통신,KOSDAQ,1009.0,1000000.0,2026-04-03,12740.0,1162.6362735381565,1198.3151635282456,2,F03_slope_10__S01_거래대금낮,OOS_weekly_2,2025-07
2025-07-18,004000,롯데정밀화학,KOSPI,43000.0,1000000.0,2026-04-15,53400.0,24.1860465116279,32.32558139534885,2,F03_slope_10__S01_거래대금낮,OOS_weekly_2,2025-07
2025-07-18,178920,PI첨단소재,KOSPI,21400.0,1000000.0,2026-04-15,23900.0,11.682242990654213,30.373831775700943,2,F03_slope_10__S01_거래대금낮,OOS_weekly_2,2025-07
2025-07-22,069260,TKG휴켐스,KOSPI,18170.0,1000000.0,2026-04-17,18070.0,-0.5503577325261411,18.6020913593836,2,F03_slope_10__S01_거래대금낮,OOS_weekly_2,2025-07
2025-07-23,089890,코세스,KOSDAQ,9500.0,1000000.0,2026-04-20,34900.0,267.36842105263156,284.2105263157895,2,F03_slope_10__S01_거래대금낮,OOS_weekly_2,2025-07
2025-07-30,009155,삼성전기우,KOSPI,68300.0,1000000.0,2026-04-27,311500.0,356.0761346998536,376.93997071742314,2,F03_slope_10__S01_거래대금낮,OOS_weekly_2,2025-07
2025-07-30,009155,삼성전기우,KOSPI,68300.0,1000000.0,2026-04-27,311500.0,356.0761346998536,376.93997071742314,2,F03_slope_10__S01_거래대금낮,OOS_weekly_2,2025-07
2025-08-04,089890,코세스,KOSDAQ,11140.0,1000000.0,2026-04-30,47400.0,325.4937163375224,346.14003590664277,2,F03_slope_10__S01_거래대금낮,OOS_weekly_2,2025-08
2025-08-05,457190,이수스페셜티케미컬,KOSPI,46200.0,1000000.0,2026-05-04,123600.0,167.5324675324675,185.28138528138527,2,F03_slope_10__S01_거래대금낮,OOS_weekly_2,2025-08
2025-08-13,064760,티씨케이,KOSDAQ,115200.0,1000000.0,2026-05-13,335000.0,190.79861111111111,194.27083333333334,2,F03_slope_10__S01_거래대금낮,OOS_weekly_2,2025-08
2025-08-12,023160,태광,KOSDAQ,25000.0,1000000.0,2026-05-12,37350.0,49.4,105.2,2,F03_slope_10__S01_거래대금낮,OOS_weekly_2,2025-08
2025-08-22,213420,덕산네오룩스,KOSDAQ,41250.0,1000000.0,2026-05-21,44450.0,7.757575757575763,38.909090909090914,2,F03_slope_10__S01_거래대금낮,OOS_weekly_2,2025-08
2025-08-21,457190,이수스페셜티케미컬,KOSPI,48100.0,1000000.0,2026-05-20,91300.0,89.81288981288982,174.012474012474,2,F03_slope_10__S01_거래대금낮,OOS_weekly_2,2025-08
2024-01-05,010060,OCI홀딩스,KOSPI,105400.0,1000000.0,2024-10-02,69200.0,-34.34535104364327,10.436432637571148,3,F01_회피6_기본__S01_거래대금낮,OOS_weekly_2,2024-01
2024-01-03,099320,쎄트렉아이,KOSDAQ,36100.0,1000000.0,2024-09-27,36200.0,0.27700831024930483,62.04986149584488,3,F01_회피6_기본__S01_거래대금낮,OOS_weekly_2,2024-01
2024-01-11,950160,코오롱티슈진,KOSDAQ,11690.0,1000000.0,2024-10-10,15190.0,29.940119760479035,86.4841745081266,3,F01_회피6_기본__S01_거래대금낮,OOS_weekly_2,2024-01
2024-01-08,019210,와이지-원,KOSDAQ,6010.0,1000000.0,2024-10-04,5330.0,-11.314475873544094,12.312811980033267,3,F01_회피6_기본__S01_거래대금낮,OOS_weekly_2,2024-01
2024-01-15,020560,아시아나항공,KOSPI,12090.0,1000000.0,2024-10-14,9560.0,-20.926385442514473,20.84367245657568,3,F01_회피6_기본__S01_거래대금낮,OOS_weekly_2,2024-01
2024-01-19,090710,휴림로봇,KOSDAQ,4000.0,1000000.0,2024-10-18,1341.0,-66.475,2.4250000000000105,3,F01_회피6_기본__S01_거래대금낮,OOS_weekly_2,2024-01
2024-01-26,003240,태광산업,KOSPI,689000.0,1000000.0,2024-10-25,644000.0,-6.531204644412192,44.26705370101595,3,F01_회피6_기본__S01_거래대금낮,OOS_weekly_2,2024-01
2024-01-26,003240,태광산업,KOSPI,689000.0,1000000.0,2024-10-25,644000.0,-6.531204644412192,44.26705370101595,3,F01_회피6_기본__S01_거래대금낮,OOS_weekly_2,2024-01
2024-01-30,000370,한화손해보험,KOSPI,4325.0,1000000.0,2024-10-29,4755.0,9.942196531791915,44.04624277456648,3,F01_회피6_기본__S01_거래대금낮,OOS_weekly_2,2024-01
2024-01-29,023590,다우기술,KOSPI,19210.0,1000000.0,2024-10-28,18250.0,-4.997397188964081,28.31858407079646,3,F01_회피6_기본__S01_거래대금낮,OOS_weekly_2,2024-01
2024-10-04,124500,아이티센글로벌,KOSDAQ,7290.0,1000000.0,2025-07-03,24250.0,232.6474622770919,352.6748971193416,3,F01_회피6_기본__S01_거래대금낮,OOS_weekly_2,2024-10
2024-10-10,174900,앱클론,KOSDAQ,16290.0,1000000.0,2025-07-08,11100.0,-31.86003683241252,11.111111111111116,3,F01_회피6_기본__S01_거래대금낮,OOS_weekly_2,2024-10
2024-10-07,319400,현대무벡스,KOSDAQ,2975.0,1000000.0,2025-07-04,4940.0,66.05042016806723,91.26050420168067,3,F01_회피6_기본__S01_거래대금낮,OOS_weekly_2,2024-10
2024-10-16,069260,TKG휴켐스,KOSPI,20600.0,1000000.0,2025-07-14,17280.0,-16.11650485436893,-1.2135922330097082,3,F01_회피6_기본__S01_거래대금낮,OOS_weekly_2,2024-10
2024-10-31,214430,아이쓰리시스템,KOSDAQ,38500.0,1000000.0,2025-07-29,117100.0,204.15584415584416,223.63636363636363,3,F01_회피6_기본__S01_거래대금낮,OOS_weekly_2,2024-10
2024-10-28,214430,아이쓰리시스템,KOSDAQ,37300.0,1000000.0,2025-07-24,115200.0,208.84718498659515,234.04825737265415,3,F01_회피6_기본__S01_거래대금낮,OOS_weekly_2,2024-10
2024-11-04,053800,안랩,KOSDAQ,61200.0,1000000.0,2025-07-31,64000.0,4.575163398692816,90.68627450980394,3,F01_회피6_기본__S01_거래대금낮,OOS_weekly_2,2024-11
2024-11-04,053800,안랩,KOSDAQ,61200.0,1000000.0,2025-07-31,64000.0,4.575163398692816,90.68627450980394,3,F01_회피6_기본__S01_거래대금낮,OOS_weekly_2,2024-11
2025-07-08,010170,대한광통신,KOSDAQ,1009.0,1000000.0,2026-04-03,12740.0,1162.6362735381565,1198.3151635282456,3,F01_회피6_기본__S01_거래대금낮,OOS_weekly_2,2025-07
2025-07-08,010170,대한광통신,KOSDAQ,1009.0,1000000.0,2026-04-03,12740.0,1162.6362735381565,1198.3151635282456,3,F01_회피6_기본__S01_거래대금낮,OOS_weekly_2,2025-07
2025-07-18,004000,롯데정밀화학,KOSPI,43000.0,1000000.0,2026-04-15,53400.0,24.1860465116279,32.32558139534885,3,F01_회피6_기본__S01_거래대금낮,OOS_weekly_2,2025-07
2025-07-18,178920,PI첨단소재,KOSPI,21400.0,1000000.0,2026-04-15,23900.0,11.682242990654213,30.373831775700943,3,F01_회피6_기본__S01_거래대금낮,OOS_weekly_2,2025-07
2025-07-22,069260,TKG휴켐스,KOSPI,18170.0,1000000.0,2026-04-17,18070.0,-0.5503577325261411,18.6020913593836,3,F01_회피6_기본__S01_거래대금낮,OOS_weekly_2,2025-07
2025-07-21,020150,롯데에너지머티리얼즈,KOSPI,26450.0,1000000.0,2026-04-16,48850.0,84.68809073724009,93.95085066162572,3,F01_회피6_기본__S01_거래대금낮,OOS_weekly_2,2025-07
2025-07-30,009155,삼성전기우,KOSPI,68300.0,1000000.0,2026-04-27,311500.0,356.0761346998536,376.93997071742314,3,F01_회피6_기본__S01_거래대금낮,OOS_weekly_2,2025-07
2025-07-30,009155,삼성전기우,KOSPI,68300.0,1000000.0,2026-04-27,311500.0,356.0761346998536,376.93997071742314,3,F01_회피6_기본__S01_거래대금낮,OOS_weekly_2,2025-07
2025-08-04,089890,코세스,KOSDAQ,11140.0,1000000.0,2026-04-30,47400.0,325.4937163375224,346.14003590664277,3,F01_회피6_기본__S01_거래대금낮,OOS_weekly_2,2025-08
2025-08-05,457190,이수스페셜티케미컬,KOSPI,46200.0,1000000.0,2026-05-04,123600.0,167.5324675324675,185.28138528138527,3,F01_회피6_기본__S01_거래대금낮,OOS_weekly_2,2025-08
2025-08-13,064760,티씨케이,KOSDAQ,115200.0,1000000.0,2026-05-13,335000.0,190.79861111111111,194.27083333333334,3,F01_회피6_기본__S01_거래대금낮,OOS_weekly_2,2025-08
2025-08-12,023160,태광,KOSDAQ,25000.0,1000000.0,2026-05-12,37350.0,49.4,105.2,3,F01_회피6_기본__S01_거래대금낮,OOS_weekly_2,2025-08
2025-08-22,213420,덕산네오룩스,KOSDAQ,41250.0,1000000.0,2026-05-21,44450.0,7.757575757575763,38.909090909090914,3,F01_회피6_기본__S01_거래대금낮,OOS_weekly_2,2025-08
2025-08-18,126340,비나텍,KOSDAQ,35903.0,1000000.0,2026-05-15,155100.0,331.9973261287358,469.59028493440655,3,F01_회피6_기본__S01_거래대금낮,OOS_weekly_2,2025-08
